artikel,score,pagerank,eingehend,quellen,woerter,stub,url
selbstverwahrung-und-boersenrisiken,0.8819,1.0,49,16,2392,,https://github.com/TLausZ/Bitcoin-Knowledge-Base-WIKI/blob/main/Wiki/selbstverwahrung-und-boersenrisiken.md
bitcoin-geldpolitik-und-21-millionen-limit,0.7988,0.9397,35,8,1992,,https://github.com/TLausZ/Bitcoin-Knowledge-Base-WIKI/blob/main/Wiki/bitcoin-geldpolitik-und-21-millionen-limit.md
bitcoin-netzwerk-und-nodes,0.7866,0.9126,45,9,2049,,https://github.com/TLausZ/Bitcoin-Knowledge-Base-WIKI/blob/main/Wiki/bitcoin-netzwerk-und-nodes.md
hardware-wallet-sicherheitsarchitektur,0.7457,0.8374,34,11,1716,,https://github.com/TLausZ/Bitcoin-Knowledge-Base-WIKI/blob/main/Wiki/hardware-wallet-sicherheitsarchitektur.md
bitcoin-mining-und-proof-of-work,0.7187,0.7724,40,15,2264,,https://github.com/TLausZ/Bitcoin-Knowledge-Base-WIKI/blob/main/Wiki/bitcoin-mining-und-proof-of-work.md
wallet-backup-strategien,0.6806,0.7708,29,8,1009,,https://github.com/TLausZ/Bitcoin-Knowledge-Base-WIKI/blob/main/Wiki/wallet-backup-strategien.md
opsec-und-privatsphaere,0.6515,0.7523,29,6,1351,,https://github.com/TLausZ/Bitcoin-Knowledge-Base-WIKI/blob/main/Wiki/opsec-und-privatsphaere.md
konsensregeln-und-mempool-richtlinien,0.6513,0.8297,26,2,510,,https://github.com/TLausZ/Bitcoin-Knowledge-Base-WIKI/blob/main/Wiki/konsensregeln-und-mempool-richtlinien.md
bip-0341,0.6078,0.8683,20,0,308,,https://github.com/TLausZ/Bitcoin-Knowledge-Base-WIKI/blob/main/Wiki/bip-0341.md
bip-0141,0.5641,0.8059,17,0,317,,https://github.com/TLausZ/Bitcoin-Knowledge-Base-WIKI/blob/main/Wiki/bip-0141.md
bitcoin-kaufen-und-dca,0.5618,0.5674,24,12,1233,,https://github.com/TLausZ/Bitcoin-Knowledge-Base-WIKI/blob/main/Wiki/bitcoin-kaufen-und-dca.md
blocksize-war,0.5383,0.5491,22,10,2877,,https://github.com/TLausZ/Bitcoin-Knowledge-Base-WIKI/blob/main/Wiki/blocksize-war.md
bitcoin-als-inflationsschutz,0.5361,0.5751,28,7,1330,,https://github.com/TLausZ/Bitcoin-Knowledge-Base-WIKI/blob/main/Wiki/bitcoin-als-inflationsschutz.md
bitcoin-fehlannahmen,0.5168,0.5183,23,10,3125,,https://github.com/TLausZ/Bitcoin-Knowledge-Base-WIKI/blob/main/Wiki/bitcoin-fehlannahmen.md
geld-staat-und-fiat-monopol,0.5153,0.5455,32,7,2045,,https://github.com/TLausZ/Bitcoin-Knowledge-Base-WIKI/blob/main/Wiki/geld-staat-und-fiat-monopol.md
geldpolitik-und-inflation,0.4914,0.5004,33,8,1889,,https://github.com/TLausZ/Bitcoin-Knowledge-Base-WIKI/blob/main/Wiki/geldpolitik-und-inflation.md
skalierung-lightning-ark-statechains,0.4846,0.5016,23,7,1178,,https://github.com/TLausZ/Bitcoin-Knowledge-Base-WIKI/blob/main/Wiki/skalierung-lightning-ark-statechains.md
coinjoin-und-on-chain-privatsphaere,0.4774,0.5035,22,6,990,,https://github.com/TLausZ/Bitcoin-Knowledge-Base-WIKI/blob/main/Wiki/coinjoin-und-on-chain-privatsphaere.md
bip-0044,0.4744,0.6776,16,0,257,,https://github.com/TLausZ/Bitcoin-Knowledge-Base-WIKI/blob/main/Wiki/bip-0044.md
bitcoin-mining-narrativ-und-kritik,0.4718,0.3209,16,46,3057,,https://github.com/TLausZ/Bitcoin-Knowledge-Base-WIKI/blob/main/Wiki/bitcoin-mining-narrativ-und-kritik.md
transaktionsgebuehren-und-mempool,0.4674,0.5405,20,3,665,,https://github.com/TLausZ/Bitcoin-Knowledge-Base-WIKI/blob/main/Wiki/transaktionsgebuehren-und-mempool.md
bitcoin-marktkommentar-lnms,0.4479,0.2113,13,106,3464,,https://github.com/TLausZ/Bitcoin-Knowledge-Base-WIKI/blob/main/Wiki/bitcoin-marktkommentar-lnms.md
kryptografische-schlussel-und-adressen,0.4468,0.3963,20,13,739,,https://github.com/TLausZ/Bitcoin-Knowledge-Base-WIKI/blob/main/Wiki/kryptografische-schlussel-und-adressen.md
bitcoin-als-strategische-reserve,0.4424,0.4121,18,10,1421,,https://github.com/TLausZ/Bitcoin-Knowledge-Base-WIKI/blob/main/Wiki/bitcoin-als-strategische-reserve.md
bitcoin-volatilitaet-und-preisfindung,0.4274,0.3753,24,12,2210,,https://github.com/TLausZ/Bitcoin-Knowledge-Base-WIKI/blob/main/Wiki/bitcoin-volatilitaet-und-preisfindung.md
mastering-bitcoin,0.427,0.5465,18,1,308,,https://github.com/TLausZ/Bitcoin-Knowledge-Base-WIKI/blob/main/Wiki/mastering-bitcoin.md
oesterreichische-kapital-und-geldtheorie,0.427,0.4457,22,5,1289,,https://github.com/TLausZ/Bitcoin-Knowledge-Base-WIKI/blob/main/Wiki/oesterreichische-kapital-und-geldtheorie.md
segregated-witness-segwit,0.4247,0.4283,20,6,763,,https://github.com/TLausZ/Bitcoin-Knowledge-Base-WIKI/blob/main/Wiki/segregated-witness-segwit.md
taproot-musig2-frost,0.4247,0.4283,22,6,797,,https://github.com/TLausZ/Bitcoin-Knowledge-Base-WIKI/blob/main/Wiki/taproot-musig2-frost.md
multisig-und-kollaborative-verwahrung,0.4241,0.4583,24,4,707,,https://github.com/TLausZ/Bitcoin-Knowledge-Base-WIKI/blob/main/Wiki/multisig-und-kollaborative-verwahrung.md
lightning-netzwerk-grundlagen,0.4203,0.4219,27,6,908,,https://github.com/TLausZ/Bitcoin-Knowledge-Base-WIKI/blob/main/Wiki/lightning-netzwerk-grundlagen.md
utxo-modell-und-konsolidierung,0.4182,0.4498,18,4,416,,https://github.com/TLausZ/Bitcoin-Knowledge-Base-WIKI/blob/main/Wiki/utxo-modell-und-konsolidierung.md
kryptoanarchismus-und-cypherpunks,0.416,0.3928,22,8,1059,,https://github.com/TLausZ/Bitcoin-Knowledge-Base-WIKI/blob/main/Wiki/kryptoanarchismus-und-cypherpunks.md
bitcoin-monetarisierung,0.4155,0.3583,19,12,2133,,https://github.com/TLausZ/Bitcoin-Knowledge-Base-WIKI/blob/main/Wiki/bitcoin-monetarisierung.md
bip-0380,0.4067,0.581,15,0,245,,https://github.com/TLausZ/Bitcoin-Knowledge-Base-WIKI/blob/main/Wiki/bip-0380.md
bitcoin-script-und-output-locks,0.4043,0.3355,13,13,1097,,https://github.com/TLausZ/Bitcoin-Knowledge-Base-WIKI/blob/main/Wiki/bitcoin-script-und-output-locks.md
bitcoin-alles-geteilt-durch-21-millionen,0.4041,0.4766,18,2,1649,,https://github.com/TLausZ/Bitcoin-Knowledge-Base-WIKI/blob/main/Wiki/bitcoin-alles-geteilt-durch-21-millionen.md
bitcoin-bildung,0.393,0.3016,16,16,1993,,https://github.com/TLausZ/Bitcoin-Knowledge-Base-WIKI/blob/main/Wiki/bitcoin-bildung.md
bitcoin-und-immobilien,0.3899,0.2655,10,23,1827,,https://github.com/TLausZ/Bitcoin-Knowledge-Base-WIKI/blob/main/Wiki/bitcoin-und-immobilien.md
bip-0032,0.3783,0.5404,12,0,284,,https://github.com/TLausZ/Bitcoin-Knowledge-Base-WIKI/blob/main/Wiki/bip-0032.md
bitcoin-unternehmens-strategie,0.375,0.2481,12,22,2367,,https://github.com/TLausZ/Bitcoin-Knowledge-Base-WIKI/blob/main/Wiki/bitcoin-unternehmens-strategie.md
bitcoin-humanitaere-anwendungen,0.3747,0.2932,17,13,2908,,https://github.com/TLausZ/Bitcoin-Knowledge-Base-WIKI/blob/main/Wiki/bitcoin-humanitaere-anwendungen.md
bitcoin-treasury-companies,0.3724,0.4049,16,3,705,,https://github.com/TLausZ/Bitcoin-Knowledge-Base-WIKI/blob/main/Wiki/bitcoin-treasury-companies.md
bitcoin-mining-netz-und-oekonomie,0.3641,0.285,12,12,3414,,https://github.com/TLausZ/Bitcoin-Knowledge-Base-WIKI/blob/main/Wiki/bitcoin-mining-netz-und-oekonomie.md
bitcoin-mining-energiequellen,0.3638,0.2078,9,29,2633,,https://github.com/TLausZ/Bitcoin-Knowledge-Base-WIKI/blob/main/Wiki/bitcoin-mining-energiequellen.md
bitcoins-verwahren-und-vererben,0.3635,0.4557,15,1,565,,https://github.com/TLausZ/Bitcoin-Knowledge-Base-WIKI/blob/main/Wiki/bitcoins-verwahren-und-vererben.md
hd-wallets-und-schluesselableitung,0.3608,0.3247,16,7,1115,,https://github.com/TLausZ/Bitcoin-Knowledge-Base-WIKI/blob/main/Wiki/hd-wallets-und-schluesselableitung.md
bitcoin-powerlaw-und-preismodelle,0.3583,0.284,14,11,1275,,https://github.com/TLausZ/Bitcoin-Knowledge-Base-WIKI/blob/main/Wiki/bitcoin-powerlaw-und-preismodelle.md
bitcoin-transaktionsstruktur,0.3559,0.2384,11,18,1088,,https://github.com/TLausZ/Bitcoin-Knowledge-Base-WIKI/blob/main/Wiki/bitcoin-transaktionsstruktur.md
praxeologie-methode-und-werttheorie,0.3559,0.3069,14,8,1990,,https://github.com/TLausZ/Bitcoin-Knowledge-Base-WIKI/blob/main/Wiki/praxeologie-methode-und-werttheorie.md
bitcoin-whitepaper,0.3557,0.4074,19,2,1182,,https://github.com/TLausZ/Bitcoin-Knowledge-Base-WIKI/blob/main/Wiki/bitcoin-whitepaper.md
bitcoin-adresstypen,0.3492,0.3717,15,3,560,,https://github.com/TLausZ/Bitcoin-Knowledge-Base-WIKI/blob/main/Wiki/bitcoin-adresstypen.md
bitcoin-akademische-forschung-bbr,0.3453,0.2018,10,23,1428,,https://github.com/TLausZ/Bitcoin-Knowledge-Base-WIKI/blob/main/Wiki/bitcoin-akademische-forschung-bbr.md
bip-0174,0.3431,0.4902,10,0,372,,https://github.com/TLausZ/Bitcoin-Knowledge-Base-WIKI/blob/main/Wiki/bip-0174.md
bitcoin-etf-und-institutionelle-verwahrung,0.3374,0.3344,17,4,1356,,https://github.com/TLausZ/Bitcoin-Knowledge-Base-WIKI/blob/main/Wiki/bitcoin-etf-und-institutionelle-verwahrung.md
der-bitcoin-standard,0.336,0.4164,19,1,669,,https://github.com/TLausZ/Bitcoin-Knowledge-Base-WIKI/blob/main/Wiki/der-bitcoin-standard.md
bitcoin-vs-krypto,0.3337,0.2488,19,11,1907,,https://github.com/TLausZ/Bitcoin-Knowledge-Base-WIKI/blob/main/Wiki/bitcoin-vs-krypto.md
bitcoin-blockchain-struktur,0.3331,0.2852,12,7,767,,https://github.com/TLausZ/Bitcoin-Knowledge-Base-WIKI/blob/main/Wiki/bitcoin-blockchain-struktur.md
bitcoin-spieltheorie-und-anreize,0.3329,0.3485,18,3,1656,,https://github.com/TLausZ/Bitcoin-Knowledge-Base-WIKI/blob/main/Wiki/bitcoin-spieltheorie-und-anreize.md
biometrie-und-finanzueberwachung,0.3285,0.3422,13,3,813,,https://github.com/TLausZ/Bitcoin-Knowledge-Base-WIKI/blob/main/Wiki/biometrie-und-finanzueberwachung.md
bip-0021,0.3269,0.467,9,0,207,,https://github.com/TLausZ/Bitcoin-Knowledge-Base-WIKI/blob/main/Wiki/bip-0021.md
bitcoin-whitepaper-errata,0.3179,0.3906,12,1,1169,,https://github.com/TLausZ/Bitcoin-Knowledge-Base-WIKI/blob/main/Wiki/bitcoin-whitepaper-errata.md
craig-wright-faketoshi,0.3154,0.145,5,27,1939,,https://github.com/TLausZ/Bitcoin-Knowledge-Base-WIKI/blob/main/Wiki/craig-wright-faketoshi.md
bitcoin-geld-als-fiktion-und-paradigmenwechsel,0.3134,0.3001,13,4,1385,,https://github.com/TLausZ/Bitcoin-Knowledge-Base-WIKI/blob/main/Wiki/bitcoin-geld-als-fiktion-und-paradigmenwechsel.md
bitcoin-digitale-knappheit,0.3124,0.3455,19,2,783,,https://github.com/TLausZ/Bitcoin-Knowledge-Base-WIKI/blob/main/Wiki/bitcoin-digitale-knappheit.md
anti-klepto-und-supply-chain-sicherheit,0.3076,0.2752,12,5,672,,https://github.com/TLausZ/Bitcoin-Knowledge-Base-WIKI/blob/main/Wiki/anti-klepto-und-supply-chain-sicherheit.md
bitcoin-regierungsresistenz,0.3075,0.2917,16,4,1133,,https://github.com/TLausZ/Bitcoin-Knowledge-Base-WIKI/blob/main/Wiki/bitcoin-regierungsresistenz.md
bitcoin-adoption-reise,0.3001,0.2175,15,9,1295,,https://github.com/TLausZ/Bitcoin-Knowledge-Base-WIKI/blob/main/Wiki/bitcoin-adoption-reise.md
kapital-und-bitcoin,0.2997,0.2497,15,6,1313,,https://github.com/TLausZ/Bitcoin-Knowledge-Base-WIKI/blob/main/Wiki/kapital-und-bitcoin.md
optionale-passphrase,0.2995,0.2635,12,5,662,,https://github.com/TLausZ/Bitcoin-Knowledge-Base-WIKI/blob/main/Wiki/optionale-passphrase.md
sparrow-wallet,0.299,0.216,9,9,1206,,https://github.com/TLausZ/Bitcoin-Knowledge-Base-WIKI/blob/main/Wiki/sparrow-wallet.md
digitales-bargeld-und-ecash,0.2951,0.2573,13,5,1050,,https://github.com/TLausZ/Bitcoin-Knowledge-Base-WIKI/blob/main/Wiki/digitales-bargeld-und-ecash.md
bip-0379,0.2946,0.4209,10,0,271,,https://github.com/TLausZ/Bitcoin-Knowledge-Base-WIKI/blob/main/Wiki/bip-0379.md
diceware-und-seed-generierung,0.2904,0.3141,10,2,868,,https://github.com/TLausZ/Bitcoin-Knowledge-Base-WIKI/blob/main/Wiki/diceware-und-seed-generierung.md
bitcoin-energie-messung-beest,0.2861,0.1735,8,12,1681,,https://github.com/TLausZ/Bitcoin-Knowledge-Base-WIKI/blob/main/Wiki/bitcoin-energie-messung-beest.md
silent-payments,0.2853,0.2433,10,5,643,,https://github.com/TLausZ/Bitcoin-Knowledge-Base-WIKI/blob/main/Wiki/silent-payments.md
bip-0009,0.2844,0.4063,8,0,288,,https://github.com/TLausZ/Bitcoin-Knowledge-Base-WIKI/blob/main/Wiki/bip-0009.md
bitcoin-absolute-knappheit,0.2813,0.3011,10,2,1251,,https://github.com/TLausZ/Bitcoin-Knowledge-Base-WIKI/blob/main/Wiki/bitcoin-absolute-knappheit.md
bip-0068,0.2799,0.3998,8,0,261,,https://github.com/TLausZ/Bitcoin-Knowledge-Base-WIKI/blob/main/Wiki/bip-0068.md
no-kyc-bitcoin,0.2783,0.2704,12,3,654,,https://github.com/TLausZ/Bitcoin-Knowledge-Base-WIKI/blob/main/Wiki/no-kyc-bitcoin.md
bitcoin-und-quantenrisiko,0.2759,0.2034,13,7,1795,,https://github.com/TLausZ/Bitcoin-Knowledge-Base-WIKI/blob/main/Wiki/bitcoin-und-quantenrisiko.md
gigi-philosophische-essays,0.2752,0.182,11,9,1505,,https://github.com/TLausZ/Bitcoin-Knowledge-Base-WIKI/blob/main/Wiki/gigi-philosophische-essays.md
bip-0016,0.2726,0.3894,7,0,290,,https://github.com/TLausZ/Bitcoin-Knowledge-Base-WIKI/blob/main/Wiki/bip-0016.md
seedphrase-entropie-und-sicherheit,0.2725,0.2885,13,2,464,,https://github.com/TLausZ/Bitcoin-Knowledge-Base-WIKI/blob/main/Wiki/seedphrase-entropie-und-sicherheit.md
eu-regulierung-selbstverwahrung,0.2724,0.2884,12,2,447,,https://github.com/TLausZ/Bitcoin-Knowledge-Base-WIKI/blob/main/Wiki/eu-regulierung-selbstverwahrung.md
bitcoin-kommunikation-und-orange-pilling,0.2717,0.177,11,9,1628,,https://github.com/TLausZ/Bitcoin-Knowledge-Base-WIKI/blob/main/Wiki/bitcoin-kommunikation-und-orange-pilling.md
coin-control-und-utxo-auswahl,0.2699,0.238,10,4,480,,https://github.com/TLausZ/Bitcoin-Knowledge-Base-WIKI/blob/main/Wiki/coin-control-und-utxo-auswahl.md
hardware-wallet-einstieg,0.2696,0.2844,11,2,789,,https://github.com/TLausZ/Bitcoin-Knowledge-Base-WIKI/blob/main/Wiki/hardware-wallet-einstieg.md
satoshi-zitate,0.2694,0.3214,9,1,3341,,https://github.com/TLausZ/Bitcoin-Knowledge-Base-WIKI/blob/main/Wiki/satoshi-zitate.md
finanzialisierung-und-kapitalverbrauch,0.2682,0.2355,13,4,1119,,https://github.com/TLausZ/Bitcoin-Knowledge-Base-WIKI/blob/main/Wiki/finanzialisierung-und-kapitalverbrauch.md
globale-liquiditaet-und-finanzplumbing,0.2673,0.0866,7,24,1495,,https://github.com/TLausZ/Bitcoin-Knowledge-Base-WIKI/blob/main/Wiki/globale-liquiditaet-und-finanzplumbing.md
miniscript-und-liana,0.264,0.1987,9,6,641,,https://github.com/TLausZ/Bitcoin-Knowledge-Base-WIKI/blob/main/Wiki/miniscript-und-liana.md
bip-0119,0.2625,0.375,7,0,311,,https://github.com/TLausZ/Bitcoin-Knowledge-Base-WIKI/blob/main/Wiki/bip-0119.md
electrum-wallet,0.2622,0.227,8,4,1126,,https://github.com/TLausZ/Bitcoin-Knowledge-Base-WIKI/blob/main/Wiki/electrum-wallet.md
bitcoin-block-header,0.2565,0.1552,7,9,778,,https://github.com/TLausZ/Bitcoin-Knowledge-Base-WIKI/blob/main/Wiki/bitcoin-block-header.md
bip-0039,0.2561,0.3658,7,0,301,,https://github.com/TLausZ/Bitcoin-Knowledge-Base-WIKI/blob/main/Wiki/bip-0039.md
bitcoin-adoption-report-river-2026,0.2542,0.2155,9,4,1320,,https://github.com/TLausZ/Bitcoin-Knowledge-Base-WIKI/blob/main/Wiki/bitcoin-adoption-report-river-2026.md
bip-0352,0.2541,0.3629,8,0,302,,https://github.com/TLausZ/Bitcoin-Knowledge-Base-WIKI/blob/main/Wiki/bip-0352.md
cypherpunk-manifest,0.2541,0.2622,13,2,2002,,https://github.com/TLausZ/Bitcoin-Knowledge-Base-WIKI/blob/main/Wiki/cypherpunk-manifest.md
ideal-money-und-bitcoin,0.2531,0.2608,10,2,564,,https://github.com/TLausZ/Bitcoin-Knowledge-Base-WIKI/blob/main/Wiki/ideal-money-und-bitcoin.md
soft-fork-und-hard-fork,0.2507,0.231,10,3,872,,https://github.com/TLausZ/Bitcoin-Knowledge-Base-WIKI/blob/main/Wiki/soft-fork-und-hard-fork.md
szabo-geldursprung,0.2459,0.2036,11,4,814,,https://github.com/TLausZ/Bitcoin-Knowledge-Base-WIKI/blob/main/Wiki/szabo-geldursprung.md
bip-0065,0.2449,0.3498,7,0,240,,https://github.com/TLausZ/Bitcoin-Knowledge-Base-WIKI/blob/main/Wiki/bip-0065.md
elliptische-kurven-kryptographie,0.243,0.1565,9,7,922,,https://github.com/TLausZ/Bitcoin-Knowledge-Base-WIKI/blob/main/Wiki/elliptische-kurven-kryptographie.md
bitcoin-auf-kredit,0.2423,0.1986,8,4,862,,https://github.com/TLausZ/Bitcoin-Knowledge-Base-WIKI/blob/main/Wiki/bitcoin-auf-kredit.md
bip39-schwache-seeds,0.2408,0.2432,8,2,475,,https://github.com/TLausZ/Bitcoin-Knowledge-Base-WIKI/blob/main/Wiki/bip39-schwache-seeds.md
bip-0070,0.2406,0.3438,5,0,239,,https://github.com/TLausZ/Bitcoin-Knowledge-Base-WIKI/blob/main/Wiki/bip-0070.md
bip-0037,0.2389,0.3413,8,0,301,,https://github.com/TLausZ/Bitcoin-Knowledge-Base-WIKI/blob/main/Wiki/bip-0037.md
bitcoin-fruehgeschichte,0.2343,0.187,10,4,1794,,https://github.com/TLausZ/Bitcoin-Knowledge-Base-WIKI/blob/main/Wiki/bitcoin-fruehgeschichte.md
bitcoin-konferenzen-und-community,0.2333,0.1317,7,8,1143,,https://github.com/TLausZ/Bitcoin-Knowledge-Base-WIKI/blob/main/Wiki/bitcoin-konferenzen-und-community.md
bitcoin-und-spiritualitaet,0.233,0.1049,6,11,932,,https://github.com/TLausZ/Bitcoin-Knowledge-Base-WIKI/blob/main/Wiki/bitcoin-und-spiritualitaet.md
hashcash,0.2328,0.2319,10,2,542,,https://github.com/TLausZ/Bitcoin-Knowledge-Base-WIKI/blob/main/Wiki/hashcash.md
bitbox02-nova,0.2308,0.1821,4,4,389,,https://github.com/TLausZ/Bitcoin-Knowledge-Base-WIKI/blob/main/Wiki/bitbox02-nova.md
bip-0125,0.2305,0.3293,7,0,288,,https://github.com/TLausZ/Bitcoin-Knowledge-Base-WIKI/blob/main/Wiki/bip-0125.md
bip-0340,0.2281,0.3258,7,0,267,,https://github.com/TLausZ/Bitcoin-Knowledge-Base-WIKI/blob/main/Wiki/bip-0340.md
bitcoin-netzwerkeffekte-und-design,0.2272,0.1603,9,5,1261,,https://github.com/TLausZ/Bitcoin-Knowledge-Base-WIKI/blob/main/Wiki/bitcoin-netzwerkeffekte-und-design.md
specter-diy,0.2263,0.0813,3,13,1539,,https://github.com/TLausZ/Bitcoin-Knowledge-Base-WIKI/blob/main/Wiki/specter-diy.md
bip-0086,0.2193,0.3133,6,0,239,,https://github.com/TLausZ/Bitcoin-Knowledge-Base-WIKI/blob/main/Wiki/bip-0086.md
bitcoin-besicherte-kredite,0.2192,0.102,5,9,1281,,https://github.com/TLausZ/Bitcoin-Knowledge-Base-WIKI/blob/main/Wiki/bitcoin-besicherte-kredite.md
onchain-indikatoren-und-anlegerverhalten,0.2182,0.121,8,7,851,,https://github.com/TLausZ/Bitcoin-Knowledge-Base-WIKI/blob/main/Wiki/onchain-indikatoren-und-anlegerverhalten.md
bitcoin-only-vs-multi-edition,0.2176,0.2101,5,2,461,,https://github.com/TLausZ/Bitcoin-Knowledge-Base-WIKI/blob/main/Wiki/bitcoin-only-vs-multi-edition.md
specter-desktop,0.2175,0.0827,3,11,1241,,https://github.com/TLausZ/Bitcoin-Knowledge-Base-WIKI/blob/main/Wiki/specter-desktop.md
bip-0084,0.217,0.31,6,0,231,,https://github.com/TLausZ/Bitcoin-Knowledge-Base-WIKI/blob/main/Wiki/bip-0084.md
phishing-und-angriffsmethoden,0.217,0.1085,6,8,922,,https://github.com/TLausZ/Bitcoin-Knowledge-Base-WIKI/blob/main/Wiki/phishing-und-angriffsmethoden.md
makro-zinskurve-fed-und-rezession,0.2101,0.0722,5,11,1265,,https://github.com/TLausZ/Bitcoin-Knowledge-Base-WIKI/blob/main/Wiki/makro-zinskurve-fed-und-rezession.md
starks,0.2086,0.1195,5,6,1082,,https://github.com/TLausZ/Bitcoin-Knowledge-Base-WIKI/blob/main/Wiki/starks.md
digitale-signaturen-ecdsa,0.208,0.2336,10,1,557,,https://github.com/TLausZ/Bitcoin-Knowledge-Base-WIKI/blob/main/Wiki/digitale-signaturen-ecdsa.md
frauen-und-bitcoin,0.2068,0.1169,7,6,755,,https://github.com/TLausZ/Bitcoin-Knowledge-Base-WIKI/blob/main/Wiki/frauen-und-bitcoin.md
bitcoin-zensurresistenz,0.2067,0.1946,12,2,909,,https://github.com/TLausZ/Bitcoin-Knowledge-Base-WIKI/blob/main/Wiki/bitcoin-zensurresistenz.md
hardware-wallet-migration,0.2067,0.1681,5,3,470,,https://github.com/TLausZ/Bitcoin-Knowledge-Base-WIKI/blob/main/Wiki/hardware-wallet-migration.md
bitcoin-als-basisgeld,0.2062,0.1938,9,2,718,,https://github.com/TLausZ/Bitcoin-Knowledge-Base-WIKI/blob/main/Wiki/bitcoin-als-basisgeld.md
merkle-baeume,0.2061,0.1673,8,3,600,,https://github.com/TLausZ/Bitcoin-Knowledge-Base-WIKI/blob/main/Wiki/merkle-baeume.md
bip-0072,0.206,0.2943,5,0,189,,https://github.com/TLausZ/Bitcoin-Knowledge-Base-WIKI/blob/main/Wiki/bip-0072.md
mining-schwierigkeit,0.2055,0.1664,8,3,897,,https://github.com/TLausZ/Bitcoin-Knowledge-Base-WIKI/blob/main/Wiki/mining-schwierigkeit.md
bitcoin-einsteiger-onboarding,0.2046,0.1651,5,3,614,,https://github.com/TLausZ/Bitcoin-Knowledge-Base-WIKI/blob/main/Wiki/bitcoin-einsteiger-onboarding.md
payment-codes-und-adressaustausch,0.2034,0.227,9,1,351,,https://github.com/TLausZ/Bitcoin-Knowledge-Base-WIKI/blob/main/Wiki/payment-codes-und-adressaustausch.md
bip-0043,0.203,0.2901,6,0,224,,https://github.com/TLausZ/Bitcoin-Knowledge-Base-WIKI/blob/main/Wiki/bip-0043.md
bitbox02-features,0.2012,0.2239,6,1,777,,https://github.com/TLausZ/Bitcoin-Knowledge-Base-WIKI/blob/main/Wiki/bitbox02-features.md
stablecoins-und-agentische-zahlungen,0.2,0.1072,8,6,1078,,https://github.com/TLausZ/Bitcoin-Knowledge-Base-WIKI/blob/main/Wiki/stablecoins-und-agentische-zahlungen.md
bitcoin-als-organismus,0.1996,0.1376,7,4,1457,,https://github.com/TLausZ/Bitcoin-Knowledge-Base-WIKI/blob/main/Wiki/bitcoin-als-organismus.md
bip-0062,0.197,0.2815,5,0,243,,https://github.com/TLausZ/Bitcoin-Knowledge-Base-WIKI/blob/main/Wiki/bip-0062.md
bitcoin-unabhaengigkeit-neu-gedacht,0.1956,0.2158,7,1,776,,https://github.com/TLausZ/Bitcoin-Knowledge-Base-WIKI/blob/main/Wiki/bitcoin-unabhaengigkeit-neu-gedacht.md
bitcoin-covenants,0.1949,0.1777,6,2,372,,https://github.com/TLausZ/Bitcoin-Knowledge-Base-WIKI/blob/main/Wiki/bitcoin-covenants.md
bitcoin-und-selbstverantwortung,0.1946,0.1773,10,2,913,,https://github.com/TLausZ/Bitcoin-Knowledge-Base-WIKI/blob/main/Wiki/bitcoin-und-selbstverantwortung.md
greenpeace-vs-bitcoin,0.1942,0.0867,3,7,1168,,https://github.com/TLausZ/Bitcoin-Knowledge-Base-WIKI/blob/main/Wiki/greenpeace-vs-bitcoin.md
bitcoin-vererbung,0.1929,0.1485,7,3,1444,,https://github.com/TLausZ/Bitcoin-Knowledge-Base-WIKI/blob/main/Wiki/bitcoin-vererbung.md
das-privacy-handbuch,0.1916,0.2101,6,1,493,,https://github.com/TLausZ/Bitcoin-Knowledge-Base-WIKI/blob/main/Wiki/das-privacy-handbuch.md
glossar-bitcoin-technik,0.1904,0.0813,5,7,2264,,https://github.com/TLausZ/Bitcoin-Knowledge-Base-WIKI/blob/main/Wiki/glossar-bitcoin-technik.md
regulierung-tofr-aopp,0.1903,0.1711,6,2,500,,https://github.com/TLausZ/Bitcoin-Knowledge-Base-WIKI/blob/main/Wiki/regulierung-tofr-aopp.md
bip-0173,0.1892,0.2703,5,0,251,,https://github.com/TLausZ/Bitcoin-Knowledge-Base-WIKI/blob/main/Wiki/bip-0173.md
bitcoin-als-lebender-organismus-gigi,0.1886,0.1686,9,2,798,,https://github.com/TLausZ/Bitcoin-Knowledge-Base-WIKI/blob/main/Wiki/bitcoin-als-lebender-organismus-gigi.md
lightning-splicing,0.1877,0.1205,6,4,563,,https://github.com/TLausZ/Bitcoin-Knowledge-Base-WIKI/blob/main/Wiki/lightning-splicing.md
bitcoin-entropy-rng,0.187,0.2036,6,1,430,,https://github.com/TLausZ/Bitcoin-Knowledge-Base-WIKI/blob/main/Wiki/bitcoin-entropy-rng.md
bip-0001,0.1866,0.2666,4,0,225,,https://github.com/TLausZ/Bitcoin-Knowledge-Base-WIKI/blob/main/Wiki/bip-0001.md
bip-0002,0.1866,0.2666,4,0,241,,https://github.com/TLausZ/Bitcoin-Knowledge-Base-WIKI/blob/main/Wiki/bip-0002.md
das-kleine-bitcoin-buch,0.1855,0.2014,7,1,613,,https://github.com/TLausZ/Bitcoin-Knowledge-Base-WIKI/blob/main/Wiki/das-kleine-bitcoin-buch.md
op-return-und-datenspeicherung,0.1853,0.164,7,2,633,,https://github.com/TLausZ/Bitcoin-Knowledge-Base-WIKI/blob/main/Wiki/op-return-und-datenspeicherung.md
21-lektionen-bitcoin-kaninchenbau,0.1851,0.1373,6,3,969,,https://github.com/TLausZ/Bitcoin-Knowledge-Base-WIKI/blob/main/Wiki/21-lektionen-bitcoin-kaninchenbau.md
payment-requests,0.185,0.1372,5,3,352,,https://github.com/TLausZ/Bitcoin-Knowledge-Base-WIKI/blob/main/Wiki/payment-requests.md
bip-0049,0.1843,0.2633,5,0,215,,https://github.com/TLausZ/Bitcoin-Knowledge-Base-WIKI/blob/main/Wiki/bip-0049.md
hyperbitcoinization-und-zitadellen,0.1837,0.1352,7,3,1149,,https://github.com/TLausZ/Bitcoin-Knowledge-Base-WIKI/blob/main/Wiki/hyperbitcoinization-und-zitadellen.md
bitcoin-haltefrist-und-steuern,0.1836,0.0979,4,5,1265,,https://github.com/TLausZ/Bitcoin-Knowledge-Base-WIKI/blob/main/Wiki/bitcoin-haltefrist-und-steuern.md
internet-of-money-vol2,0.1832,0.1981,6,1,640,,https://github.com/TLausZ/Bitcoin-Knowledge-Base-WIKI/blob/main/Wiki/internet-of-money-vol2.md
der-fiat-standard,0.1819,0.1963,7,1,641,,https://github.com/TLausZ/Bitcoin-Knowledge-Base-WIKI/blob/main/Wiki/der-fiat-standard.md
bip-0342,0.1818,0.2597,5,0,224,,https://github.com/TLausZ/Bitcoin-Knowledge-Base-WIKI/blob/main/Wiki/bip-0342.md
bip-0011,0.1816,0.2594,5,0,189,,https://github.com/TLausZ/Bitcoin-Knowledge-Base-WIKI/blob/main/Wiki/bip-0011.md
bip-0045,0.1815,0.2593,5,0,219,,https://github.com/TLausZ/Bitcoin-Knowledge-Base-WIKI/blob/main/Wiki/bip-0045.md
digitales-zeitstempel,0.1815,0.1117,6,4,745,,https://github.com/TLausZ/Bitcoin-Knowledge-Base-WIKI/blob/main/Wiki/digitales-zeitstempel.md
origins-of-money,0.181,0.1951,8,1,714,,https://github.com/TLausZ/Bitcoin-Knowledge-Base-WIKI/blob/main/Wiki/origins-of-money.md
bitcoin-und-ki,0.1802,0.0789,5,6,989,,https://github.com/TLausZ/Bitcoin-Knowledge-Base-WIKI/blob/main/Wiki/bitcoin-und-ki.md
bip-0048,0.1799,0.2571,5,0,189,,https://github.com/TLausZ/Bitcoin-Knowledge-Base-WIKI/blob/main/Wiki/bip-0048.md
nunchuk-wallet,0.1796,0.078,3,6,747,,https://github.com/TLausZ/Bitcoin-Knowledge-Base-WIKI/blob/main/Wiki/nunchuk-wallet.md
praxeology,0.1788,0.1919,8,1,959,,https://github.com/TLausZ/Bitcoin-Knowledge-Base-WIKI/blob/main/Wiki/praxeology.md
zitate,0.1755,0.0864,4,5,561,,https://github.com/TLausZ/Bitcoin-Knowledge-Base-WIKI/blob/main/Wiki/zitate.md
einfuehrung-in-das-lightning-netzwerk,0.1746,0.1859,8,1,370,,https://github.com/TLausZ/Bitcoin-Knowledge-Base-WIKI/blob/main/Wiki/einfuehrung-in-das-lightning-netzwerk.md
spekulation-unsicherheit-und-geld,0.1742,0.1218,5,3,1229,,https://github.com/TLausZ/Bitcoin-Knowledge-Base-WIKI/blob/main/Wiki/spekulation-unsicherheit-und-geld.md
bip-0014,0.1741,0.2488,5,0,201,,https://github.com/TLausZ/Bitcoin-Knowledge-Base-WIKI/blob/main/Wiki/bip-0014.md
bitcoin-datenformate,0.1734,0.0834,3,5,599,,https://github.com/TLausZ/Bitcoin-Knowledge-Base-WIKI/blob/main/Wiki/bitcoin-datenformate.md
bitcoin-mining-dezentralisierung,0.1734,0.1205,6,3,765,,https://github.com/TLausZ/Bitcoin-Knowledge-Base-WIKI/blob/main/Wiki/bitcoin-mining-dezentralisierung.md
bitcoin-seed-cracking,0.1729,0.1835,6,1,408,,https://github.com/TLausZ/Bitcoin-Knowledge-Base-WIKI/blob/main/Wiki/bitcoin-seed-cracking.md
bip-0087,0.1727,0.2467,5,0,208,,https://github.com/TLausZ/Bitcoin-Knowledge-Base-WIKI/blob/main/Wiki/bip-0087.md
crypto-assets-study-ifz-2021-2025,0.1719,0.0813,4,5,1151,,https://github.com/TLausZ/Bitcoin-Knowledge-Base-WIKI/blob/main/Wiki/crypto-assets-study-ifz-2021-2025.md
bitcoin-antifragilitaet,0.1717,0.1817,9,1,495,,https://github.com/TLausZ/Bitcoin-Knowledge-Base-WIKI/blob/main/Wiki/bitcoin-antifragilitaet.md
phoenix-wallet-lightning,0.1704,0.1799,9,1,878,,https://github.com/TLausZ/Bitcoin-Knowledge-Base-WIKI/blob/main/Wiki/phoenix-wallet-lightning.md
lightning-address-datenschutz,0.1698,0.1418,6,2,605,,https://github.com/TLausZ/Bitcoin-Knowledge-Base-WIKI/blob/main/Wiki/lightning-address-datenschutz.md
energiestandard-und-proof-of-work,0.1697,0.1416,6,2,891,,https://github.com/TLausZ/Bitcoin-Knowledge-Base-WIKI/blob/main/Wiki/energiestandard-und-proof-of-work.md
muun-wallet,0.1688,0.0627,3,6,619,,https://github.com/TLausZ/Bitcoin-Knowledge-Base-WIKI/blob/main/Wiki/muun-wallet.md
bitcoin-vorgeschichte,0.1682,0.0927,5,4,1264,,https://github.com/TLausZ/Bitcoin-Knowledge-Base-WIKI/blob/main/Wiki/bitcoin-vorgeschichte.md
firmware-verifikation-und-reproduzierbarkeit,0.1682,0.1767,6,1,396,,https://github.com/TLausZ/Bitcoin-Knowledge-Base-WIKI/blob/main/Wiki/firmware-verifikation-und-reproduzierbarkeit.md
bitcoin-und-amerikanische-idee,0.1673,0.1382,6,2,1003,,https://github.com/TLausZ/Bitcoin-Knowledge-Base-WIKI/blob/main/Wiki/bitcoin-und-amerikanische-idee.md
bitblik,0.1663,0.1741,5,1,535,,https://github.com/TLausZ/Bitcoin-Knowledge-Base-WIKI/blob/main/Wiki/bitblik.md
bitcoin-und-psychologie,0.165,0.0881,6,4,766,,https://github.com/TLausZ/Bitcoin-Knowledge-Base-WIKI/blob/main/Wiki/bitcoin-und-psychologie.md
neofeudalism-und-bitcoin-exit,0.164,0.1071,6,3,1038,,https://github.com/TLausZ/Bitcoin-Knowledge-Base-WIKI/blob/main/Wiki/neofeudalism-und-bitcoin-exit.md
satoshi-ankuendigung-2009,0.1637,0.1703,8,1,554,,https://github.com/TLausZ/Bitcoin-Knowledge-Base-WIKI/blob/main/Wiki/satoshi-ankuendigung-2009.md
das-trojanische-pferd-der-freiheit,0.1634,0.1699,7,1,637,,https://github.com/TLausZ/Bitcoin-Knowledge-Base-WIKI/blob/main/Wiki/das-trojanische-pferd-der-freiheit.md
proof-of-stake-kritik,0.1634,0.1326,5,2,917,,https://github.com/TLausZ/Bitcoin-Knowledge-Base-WIKI/blob/main/Wiki/proof-of-stake-kritik.md
fortego-backup-sicherheit,0.1633,0.0857,3,4,1083,,https://github.com/TLausZ/Bitcoin-Knowledge-Base-WIKI/blob/main/Wiki/fortego-backup-sicherheit.md
bitcoin-core-client-history,0.1624,0.0844,3,4,498,,https://github.com/TLausZ/Bitcoin-Knowledge-Base-WIKI/blob/main/Wiki/bitcoin-core-client-history.md
airgap-und-kommunikationskanaele,0.1619,0.1678,5,1,673,,https://github.com/TLausZ/Bitcoin-Knowledge-Base-WIKI/blob/main/Wiki/airgap-und-kommunikationskanaele.md
bip-0101,0.161,0.23,6,0,233,,https://github.com/TLausZ/Bitcoin-Knowledge-Base-WIKI/blob/main/Wiki/bip-0101.md
hardware-wallet-angriffsvektoren,0.161,0.1665,7,1,580,,https://github.com/TLausZ/Bitcoin-Knowledge-Base-WIKI/blob/main/Wiki/hardware-wallet-angriffsvektoren.md
gesetze-der-wirtschaft,0.1604,0.1656,7,1,571,,https://github.com/TLausZ/Bitcoin-Knowledge-Base-WIKI/blob/main/Wiki/gesetze-der-wirtschaft.md
bitgenstein-geldtheorie-grundlagen,0.16,0.1015,5,3,935,,https://github.com/TLausZ/Bitcoin-Knowledge-Base-WIKI/blob/main/Wiki/bitgenstein-geldtheorie-grundlagen.md
shamir-secret-sharing,0.159,0.1,4,3,1016,,https://github.com/TLausZ/Bitcoin-Knowledge-Base-WIKI/blob/main/Wiki/shamir-secret-sharing.md
mt-gox,0.1589,0.0794,4,4,1099,,https://github.com/TLausZ/Bitcoin-Knowledge-Base-WIKI/blob/main/Wiki/mt-gox.md
bitcoin-beratung-und-micar,0.1548,0.1576,6,1,1182,,https://github.com/TLausZ/Bitcoin-Knowledge-Base-WIKI/blob/main/Wiki/bitcoin-beratung-und-micar.md
coldcard-rng-schwachstelle,0.1536,0.0922,3,3,1711,,https://github.com/TLausZ/Bitcoin-Knowledge-Base-WIKI/blob/main/Wiki/coldcard-rng-schwachstelle.md
bitcoin-versicherung,0.1535,0.1185,4,2,357,,https://github.com/TLausZ/Bitcoin-Knowledge-Base-WIKI/blob/main/Wiki/bitcoin-versicherung.md
bip-0008,0.1531,0.2187,4,0,278,,https://github.com/TLausZ/Bitcoin-Knowledge-Base-WIKI/blob/main/Wiki/bip-0008.md
bitcoin-als-trojanisches-pferd,0.1528,0.1548,7,1,606,,https://github.com/TLausZ/Bitcoin-Knowledge-Base-WIKI/blob/main/Wiki/bitcoin-als-trojanisches-pferd.md
komplexitaet-ist-keine-sicherheit,0.152,0.1164,4,2,462,,https://github.com/TLausZ/Bitcoin-Knowledge-Base-WIKI/blob/main/Wiki/komplexitaet-ist-keine-sicherheit.md
bip-0090,0.1518,0.2168,4,0,260,,https://github.com/TLausZ/Bitcoin-Knowledge-Base-WIKI/blob/main/Wiki/bip-0090.md
das-buch-satoshis,0.1515,0.1529,6,1,491,,https://github.com/TLausZ/Bitcoin-Knowledge-Base-WIKI/blob/main/Wiki/das-buch-satoshis.md
iwf-weltbank-strukturanpassung,0.1503,0.1512,9,1,947,,https://github.com/TLausZ/Bitcoin-Knowledge-Base-WIKI/blob/main/Wiki/iwf-weltbank-strukturanpassung.md
bip-0370,0.1498,0.214,4,0,227,,https://github.com/TLausZ/Bitcoin-Knowledge-Base-WIKI/blob/main/Wiki/bip-0370.md
dollar-hegemonie-super-imperialismus,0.1497,0.113,8,2,1238,,https://github.com/TLausZ/Bitcoin-Knowledge-Base-WIKI/blob/main/Wiki/dollar-hegemonie-super-imperialismus.md
bip-0350,0.1489,0.2127,4,0,232,,https://github.com/TLausZ/Bitcoin-Knowledge-Base-WIKI/blob/main/Wiki/bip-0350.md
bitcoin-rechtliche-angriffe,0.1488,0.149,5,1,491,,https://github.com/TLausZ/Bitcoin-Knowledge-Base-WIKI/blob/main/Wiki/bitcoin-rechtliche-angriffe.md
value4value-und-wertaktivierendes-web,0.1484,0.1112,6,2,1000,,https://github.com/TLausZ/Bitcoin-Knowledge-Base-WIKI/blob/main/Wiki/value4value-und-wertaktivierendes-web.md
bitcoin-commons-und-governance,0.1478,0.1475,7,1,769,,https://github.com/TLausZ/Bitcoin-Knowledge-Base-WIKI/blob/main/Wiki/bitcoin-commons-und-governance.md
bitcoin-vaults,0.1477,0.1475,4,1,401,,https://github.com/TLausZ/Bitcoin-Knowledge-Base-WIKI/blob/main/Wiki/bitcoin-vaults.md
bip-0080,0.1473,0.2104,4,0,176,,https://github.com/TLausZ/Bitcoin-Knowledge-Base-WIKI/blob/main/Wiki/bip-0080.md
pgp-und-verschluesselungspolitik,0.146,0.1078,4,2,665,,https://github.com/TLausZ/Bitcoin-Knowledge-Base-WIKI/blob/main/Wiki/pgp-und-verschluesselungspolitik.md
bip-0098,0.1459,0.2084,3,0,243,,https://github.com/TLausZ/Bitcoin-Knowledge-Base-WIKI/blob/main/Wiki/bip-0098.md
bip-0116,0.1459,0.2084,3,0,223,,https://github.com/TLausZ/Bitcoin-Knowledge-Base-WIKI/blob/main/Wiki/bip-0116.md
bip-0117,0.1459,0.2084,3,0,224,,https://github.com/TLausZ/Bitcoin-Knowledge-Base-WIKI/blob/main/Wiki/bip-0117.md
hidden-repression_how-the-imf-and-world-bank-sell-exploitation-as-development,0.1457,0.1446,6,1,700,,https://github.com/TLausZ/Bitcoin-Knowledge-Base-WIKI/blob/main/Wiki/hidden-repression_how-the-imf-and-world-bank-sell-exploitation-as-development.md
bip-0373,0.145,0.2072,4,0,224,,https://github.com/TLausZ/Bitcoin-Knowledge-Base-WIKI/blob/main/Wiki/bip-0373.md
bip-0327,0.1446,0.2066,5,0,265,,https://github.com/TLausZ/Bitcoin-Knowledge-Base-WIKI/blob/main/Wiki/bip-0327.md
lightning-rebalancing,0.1446,0.1058,5,2,525,,https://github.com/TLausZ/Bitcoin-Knowledge-Base-WIKI/blob/main/Wiki/lightning-rebalancing.md
bitcoin-als-information,0.1444,0.1427,6,1,587,,https://github.com/TLausZ/Bitcoin-Knowledge-Base-WIKI/blob/main/Wiki/bitcoin-als-information.md
glossar-allgemein,0.1437,0.0409,3,5,1501,,https://github.com/TLausZ/Bitcoin-Knowledge-Base-WIKI/blob/main/Wiki/glossar-allgemein.md
bitcoin-recht-sprache-geld,0.1436,0.1415,7,1,989,,https://github.com/TLausZ/Bitcoin-Knowledge-Base-WIKI/blob/main/Wiki/bitcoin-recht-sprache-geld.md
bitcoin-core-relay-statement,0.1425,0.1399,6,1,843,,https://github.com/TLausZ/Bitcoin-Knowledge-Base-WIKI/blob/main/Wiki/bitcoin-core-relay-statement.md
bip-0100,0.1423,0.2033,5,0,230,,https://github.com/TLausZ/Bitcoin-Knowledge-Base-WIKI/blob/main/Wiki/bip-0100.md
cbdc-und-digitaler-yuan,0.1399,0.1363,8,1,502,,https://github.com/TLausZ/Bitcoin-Knowledge-Base-WIKI/blob/main/Wiki/cbdc-und-digitaler-yuan.md
bip-0110,0.1387,0.1981,8,0,1511,,https://github.com/TLausZ/Bitcoin-Knowledge-Base-WIKI/blob/main/Wiki/bip-0110.md
bitcoin-burn-address,0.1382,0.1339,3,1,422,,https://github.com/TLausZ/Bitcoin-Knowledge-Base-WIKI/blob/main/Wiki/bitcoin-burn-address.md
nostr-protokoll,0.1379,0.0493,2,4,509,,https://github.com/TLausZ/Bitcoin-Knowledge-Base-WIKI/blob/main/Wiki/nostr-protokoll.md
bitcoin-informationstheorie-entropie,0.1376,0.1331,5,1,628,,https://github.com/TLausZ/Bitcoin-Knowledge-Base-WIKI/blob/main/Wiki/bitcoin-informationstheorie-entropie.md
bip-0324,0.1375,0.1964,3,0,295,,https://github.com/TLausZ/Bitcoin-Knowledge-Base-WIKI/blob/main/Wiki/bip-0324.md
bip-0022,0.1371,0.1959,2,0,228,,https://github.com/TLausZ/Bitcoin-Knowledge-Base-WIKI/blob/main/Wiki/bip-0022.md
bip-0150,0.1367,0.1953,2,0,199,,https://github.com/TLausZ/Bitcoin-Knowledge-Base-WIKI/blob/main/Wiki/bip-0150.md
bip-0151,0.1367,0.1953,2,0,181,,https://github.com/TLausZ/Bitcoin-Knowledge-Base-WIKI/blob/main/Wiki/bip-0151.md
bip-0034,0.1361,0.1944,4,0,249,,https://github.com/TLausZ/Bitcoin-Knowledge-Base-WIKI/blob/main/Wiki/bip-0034.md
bip-0078,0.1361,0.1945,3,0,264,,https://github.com/TLausZ/Bitcoin-Knowledge-Base-WIKI/blob/main/Wiki/bip-0078.md
bip-0157,0.136,0.1943,4,0,263,,https://github.com/TLausZ/Bitcoin-Knowledge-Base-WIKI/blob/main/Wiki/bip-0157.md
bip-0148,0.1357,0.1939,4,0,307,,https://github.com/TLausZ/Bitcoin-Knowledge-Base-WIKI/blob/main/Wiki/bip-0148.md
bitcoin-schichtenarchitektur,0.1354,0.1298,5,1,817,,https://github.com/TLausZ/Bitcoin-Knowledge-Base-WIKI/blob/main/Wiki/bitcoin-schichtenarchitektur.md
bip-0069,0.1343,0.1919,1,0,223,,https://github.com/TLausZ/Bitcoin-Knowledge-Base-WIKI/blob/main/Wiki/bip-0069.md
bip-0120,0.1343,0.1919,1,0,238,,https://github.com/TLausZ/Bitcoin-Knowledge-Base-WIKI/blob/main/Wiki/bip-0120.md
bip-0121,0.1343,0.1919,1,0,134,ja,https://github.com/TLausZ/Bitcoin-Knowledge-Base-WIKI/blob/main/Wiki/bip-0121.md
bip-0126,0.1343,0.1919,1,0,221,,https://github.com/TLausZ/Bitcoin-Knowledge-Base-WIKI/blob/main/Wiki/bip-0126.md
bip-0137,0.1343,0.1919,1,0,213,,https://github.com/TLausZ/Bitcoin-Knowledge-Base-WIKI/blob/main/Wiki/bip-0137.md
bip-0172,0.1343,0.1919,2,0,215,,https://github.com/TLausZ/Bitcoin-Knowledge-Base-WIKI/blob/main/Wiki/bip-0172.md
bip-0176,0.1343,0.1919,2,0,212,,https://github.com/TLausZ/Bitcoin-Knowledge-Base-WIKI/blob/main/Wiki/bip-0176.md
bip-0177,0.1343,0.1919,2,0,241,,https://github.com/TLausZ/Bitcoin-Knowledge-Base-WIKI/blob/main/Wiki/bip-0177.md
bip-0300,0.1343,0.1919,1,0,282,,https://github.com/TLausZ/Bitcoin-Knowledge-Base-WIKI/blob/main/Wiki/bip-0300.md
bip-0301,0.1343,0.1919,1,0,223,,https://github.com/TLausZ/Bitcoin-Knowledge-Base-WIKI/blob/main/Wiki/bip-0301.md
bip-0322,0.1343,0.1919,1,0,243,,https://github.com/TLausZ/Bitcoin-Knowledge-Base-WIKI/blob/main/Wiki/bip-0322.md
bip-0440,0.1343,0.1919,1,0,304,,https://github.com/TLausZ/Bitcoin-Knowledge-Base-WIKI/blob/main/Wiki/bip-0440.md
bip-0441,0.1343,0.1919,1,0,264,,https://github.com/TLausZ/Bitcoin-Knowledge-Base-WIKI/blob/main/Wiki/bip-0441.md
bip-0383,0.1342,0.1917,4,0,186,,https://github.com/TLausZ/Bitcoin-Knowledge-Base-WIKI/blob/main/Wiki/bip-0383.md
bitcoin-entropie-und-ordnung,0.134,0.1278,7,1,650,,https://github.com/TLausZ/Bitcoin-Knowledge-Base-WIKI/blob/main/Wiki/bitcoin-entropie-und-ordnung.md
bitcoin-entfinanzialisierung,0.1332,0.1266,6,1,501,,https://github.com/TLausZ/Bitcoin-Knowledge-Base-WIKI/blob/main/Wiki/bitcoin-entfinanzialisierung.md
bitcoin-inverse-of-clown-world,0.1332,0.1267,5,1,976,,https://github.com/TLausZ/Bitcoin-Knowledge-Base-WIKI/blob/main/Wiki/bitcoin-inverse-of-clown-world.md
bip-0353,0.1331,0.1901,4,0,231,,https://github.com/TLausZ/Bitcoin-Knowledge-Base-WIKI/blob/main/Wiki/bip-0353.md
bitcoin-sprache-und-terminologie,0.1326,0.1258,5,1,753,,https://github.com/TLausZ/Bitcoin-Knowledge-Base-WIKI/blob/main/Wiki/bitcoin-sprache-und-terminologie.md
kryptoanlagen-schweiz-hslu-2026,0.132,0.0879,6,2,704,,https://github.com/TLausZ/Bitcoin-Knowledge-Base-WIKI/blob/main/Wiki/kryptoanlagen-schweiz-hslu-2026.md
fedimint-und-community-custody,0.1318,0.0876,3,2,730,,https://github.com/TLausZ/Bitcoin-Knowledge-Base-WIKI/blob/main/Wiki/fedimint-und-community-custody.md
coinbase-duplikat-transaktionen,0.1316,0.1245,3,1,325,,https://github.com/TLausZ/Bitcoin-Knowledge-Base-WIKI/blob/main/Wiki/coinbase-duplikat-transaktionen.md
us-marktstruktur-clarity-act,0.1313,0.0868,4,2,1596,,https://github.com/TLausZ/Bitcoin-Knowledge-Base-WIKI/blob/main/Wiki/us-marktstruktur-clarity-act.md
bitcoin-adoptionsstudie-2026-dach,0.1309,0.0862,6,2,1703,,https://github.com/TLausZ/Bitcoin-Knowledge-Base-WIKI/blob/main/Wiki/bitcoin-adoptionsstudie-2026-dach.md
bip-0146,0.1307,0.1868,3,0,196,,https://github.com/TLausZ/Bitcoin-Knowledge-Base-WIKI/blob/main/Wiki/bip-0146.md
bitcoin-skalierung-und-zahlungen,0.1306,0.123,8,1,579,,https://github.com/TLausZ/Bitcoin-Knowledge-Base-WIKI/blob/main/Wiki/bitcoin-skalierung-und-zahlungen.md
mvrv-und-realized-cap,0.1304,0.0592,2,3,647,,https://github.com/TLausZ/Bitcoin-Knowledge-Base-WIKI/blob/main/Wiki/mvrv-und-realized-cap.md
bip-0017,0.1298,0.1854,3,0,205,,https://github.com/TLausZ/Bitcoin-Knowledge-Base-WIKI/blob/main/Wiki/bip-0017.md
selbsteigentum-und-naturrecht,0.1297,0.1217,6,1,637,,https://github.com/TLausZ/Bitcoin-Knowledge-Base-WIKI/blob/main/Wiki/selbsteigentum-und-naturrecht.md
glossar-lightning,0.129,0.0366,3,4,1427,,https://github.com/TLausZ/Bitcoin-Knowledge-Base-WIKI/blob/main/Wiki/glossar-lightning.md
internet-of-money-vol1,0.1289,0.1206,5,1,729,,https://github.com/TLausZ/Bitcoin-Knowledge-Base-WIKI/blob/main/Wiki/internet-of-money-vol1.md
spam-debatte,0.1289,0.1205,4,1,1847,,https://github.com/TLausZ/Bitcoin-Knowledge-Base-WIKI/blob/main/Wiki/spam-debatte.md
internet-of-money-vol3,0.1282,0.1195,4,1,610,,https://github.com/TLausZ/Bitcoin-Knowledge-Base-WIKI/blob/main/Wiki/internet-of-money-vol3.md
bitcoin-silent-ipo,0.127,0.1179,4,1,681,,https://github.com/TLausZ/Bitcoin-Knowledge-Base-WIKI/blob/main/Wiki/bitcoin-silent-ipo.md
bip-0443,0.1268,0.1811,3,0,248,,https://github.com/TLausZ/Bitcoin-Knowledge-Base-WIKI/blob/main/Wiki/bip-0443.md
bip-0118,0.126,0.18,3,0,296,,https://github.com/TLausZ/Bitcoin-Knowledge-Base-WIKI/blob/main/Wiki/bip-0118.md
el-salvador-bitcoin-adoption,0.1257,0.1159,7,1,687,,https://github.com/TLausZ/Bitcoin-Knowledge-Base-WIKI/blob/main/Wiki/el-salvador-bitcoin-adoption.md
bip-0102,0.1256,0.1795,4,0,197,,https://github.com/TLausZ/Bitcoin-Knowledge-Base-WIKI/blob/main/Wiki/bip-0102.md
schuldenzyklen,0.1251,0.078,5,2,966,,https://github.com/TLausZ/Bitcoin-Knowledge-Base-WIKI/blob/main/Wiki/schuldenzyklen.md
bip-0371,0.1242,0.1774,3,0,197,,https://github.com/TLausZ/Bitcoin-Knowledge-Base-WIKI/blob/main/Wiki/bip-0371.md
wie-funktioniert-bitcoin,0.124,0.1136,2,1,517,,https://github.com/TLausZ/Bitcoin-Knowledge-Base-WIKI/blob/main/Wiki/wie-funktioniert-bitcoin.md
redefreiheit-und-protokolle,0.1236,0.113,6,1,685,,https://github.com/TLausZ/Bitcoin-Knowledge-Base-WIKI/blob/main/Wiki/redefreiheit-und-protokolle.md
bip-0085,0.1221,0.1744,4,0,282,,https://github.com/TLausZ/Bitcoin-Knowledge-Base-WIKI/blob/main/Wiki/bip-0085.md
bip-0031,0.1218,0.174,3,0,189,,https://github.com/TLausZ/Bitcoin-Knowledge-Base-WIKI/blob/main/Wiki/bip-0031.md
softwar,0.1202,0.1082,5,1,829,,https://github.com/TLausZ/Bitcoin-Knowledge-Base-WIKI/blob/main/Wiki/softwar.md
bip-0091,0.1199,0.1713,4,0,244,,https://github.com/TLausZ/Bitcoin-Knowledge-Base-WIKI/blob/main/Wiki/bip-0091.md
bitcoin-menschenrechte,0.1193,0.1069,6,1,611,,https://github.com/TLausZ/Bitcoin-Knowledge-Base-WIKI/blob/main/Wiki/bitcoin-menschenrechte.md
double-sha256,0.1193,0.1069,4,1,245,,https://github.com/TLausZ/Bitcoin-Knowledge-Base-WIKI/blob/main/Wiki/double-sha256.md
bip-0145,0.1184,0.1691,2,0,164,,https://github.com/TLausZ/Bitcoin-Knowledge-Base-WIKI/blob/main/Wiki/bip-0145.md
grokking-bitcoin,0.1179,0.1049,3,1,274,,https://github.com/TLausZ/Bitcoin-Knowledge-Base-WIKI/blob/main/Wiki/grokking-bitcoin.md
bip-0343,0.1165,0.1664,3,0,199,,https://github.com/TLausZ/Bitcoin-Knowledge-Base-WIKI/blob/main/Wiki/bip-0343.md
bitcoin-launch-januar-2009,0.116,0.1022,5,1,1217,,https://github.com/TLausZ/Bitcoin-Knowledge-Base-WIKI/blob/main/Wiki/bitcoin-launch-januar-2009.md
bitcoin-monetaere-deckung-und-sicherheit,0.1157,0.1017,4,1,741,,https://github.com/TLausZ/Bitcoin-Knowledge-Base-WIKI/blob/main/Wiki/bitcoin-monetaere-deckung-und-sicherheit.md
wallet-of-satoshi,0.1156,0.1015,4,1,451,,https://github.com/TLausZ/Bitcoin-Knowledge-Base-WIKI/blob/main/Wiki/wallet-of-satoshi.md
bip-0109,0.1151,0.1644,4,0,207,,https://github.com/TLausZ/Bitcoin-Knowledge-Base-WIKI/blob/main/Wiki/bip-0109.md
bip-0013,0.115,0.1643,3,0,223,,https://github.com/TLausZ/Bitcoin-Knowledge-Base-WIKI/blob/main/Wiki/bip-0013.md
bip-0112,0.1146,0.1638,3,0,253,,https://github.com/TLausZ/Bitcoin-Knowledge-Base-WIKI/blob/main/Wiki/bip-0112.md
core-lightning-26-06,0.1146,0.1001,4,1,563,,https://github.com/TLausZ/Bitcoin-Knowledge-Base-WIKI/blob/main/Wiki/core-lightning-26-06.md
bip-0088,0.1143,0.1632,3,0,199,,https://github.com/TLausZ/Bitcoin-Knowledge-Base-WIKI/blob/main/Wiki/bip-0088.md
bip-0321,0.1143,0.1633,3,0,195,,https://github.com/TLausZ/Bitcoin-Knowledge-Base-WIKI/blob/main/Wiki/bip-0321.md
krieg-qe-und-schuldengeld,0.1136,0.0615,4,2,1070,,https://github.com/TLausZ/Bitcoin-Knowledge-Base-WIKI/blob/main/Wiki/krieg-qe-und-schuldengeld.md
bitcoin-ip-transaktionen,0.1126,0.0972,3,1,369,,https://github.com/TLausZ/Bitcoin-Knowledge-Base-WIKI/blob/main/Wiki/bitcoin-ip-transaktionen.md
bitcoin-nicht-kopierbar,0.1124,0.0598,3,2,640,,https://github.com/TLausZ/Bitcoin-Knowledge-Base-WIKI/blob/main/Wiki/bitcoin-nicht-kopierbar.md
bip-0047,0.1122,0.1602,3,0,272,,https://github.com/TLausZ/Bitcoin-Knowledge-Base-WIKI/blob/main/Wiki/bip-0047.md
crypto-adaption-europa-bsd-2026,0.1116,0.0958,6,1,984,,https://github.com/TLausZ/Bitcoin-Knowledge-Base-WIKI/blob/main/Wiki/crypto-adaption-europa-bsd-2026.md
bip-0015,0.1111,0.1587,3,0,231,,https://github.com/TLausZ/Bitcoin-Knowledge-Base-WIKI/blob/main/Wiki/bip-0015.md
bip-0197,0.1111,0.1587,3,0,217,,https://github.com/TLausZ/Bitcoin-Knowledge-Base-WIKI/blob/main/Wiki/bip-0197.md
bip-0199,0.1111,0.1587,3,0,231,,https://github.com/TLausZ/Bitcoin-Knowledge-Base-WIKI/blob/main/Wiki/bip-0199.md
bip-0010,0.111,0.1586,3,0,200,,https://github.com/TLausZ/Bitcoin-Knowledge-Base-WIKI/blob/main/Wiki/bip-0010.md
bitcoin-chainwork,0.1108,0.0947,3,1,295,,https://github.com/TLausZ/Bitcoin-Knowledge-Base-WIKI/blob/main/Wiki/bitcoin-chainwork.md
bitcoin-development-philosophy,0.11,0.0936,4,1,643,,https://github.com/TLausZ/Bitcoin-Knowledge-Base-WIKI/blob/main/Wiki/bitcoin-development-philosophy.md
bip-0129,0.1095,0.1565,3,0,237,,https://github.com/TLausZ/Bitcoin-Knowledge-Base-WIKI/blob/main/Wiki/bip-0129.md
shrincs,0.1087,0.0917,4,1,802,,https://github.com/TLausZ/Bitcoin-Knowledge-Base-WIKI/blob/main/Wiki/shrincs.md
bip-0320,0.1067,0.1524,2,0,214,,https://github.com/TLausZ/Bitcoin-Knowledge-Base-WIKI/blob/main/Wiki/bip-0320.md
bip-0375,0.1065,0.1521,3,0,233,,https://github.com/TLausZ/Bitcoin-Knowledge-Base-WIKI/blob/main/Wiki/bip-0375.md
bip-0376,0.1065,0.1521,3,0,199,,https://github.com/TLausZ/Bitcoin-Knowledge-Base-WIKI/blob/main/Wiki/bip-0376.md
bip-0386,0.1056,0.1509,3,0,206,,https://github.com/TLausZ/Bitcoin-Knowledge-Base-WIKI/blob/main/Wiki/bip-0386.md
bip-0387,0.1049,0.1499,3,0,187,,https://github.com/TLausZ/Bitcoin-Knowledge-Base-WIKI/blob/main/Wiki/bip-0387.md
bitcoin-block-zeitregeln,0.1048,0.049,1,2,530,,https://github.com/TLausZ/Bitcoin-Knowledge-Base-WIKI/blob/main/Wiki/bitcoin-block-zeitregeln.md
bip-0155,0.1044,0.1492,4,0,230,,https://github.com/TLausZ/Bitcoin-Knowledge-Base-WIKI/blob/main/Wiki/bip-0155.md
bip-0111,0.1039,0.1484,3,0,207,,https://github.com/TLausZ/Bitcoin-Knowledge-Base-WIKI/blob/main/Wiki/bip-0111.md
bip-0158,0.1039,0.1484,3,0,259,,https://github.com/TLausZ/Bitcoin-Knowledge-Base-WIKI/blob/main/Wiki/bip-0158.md
bip-0133,0.1037,0.1481,3,0,217,,https://github.com/TLausZ/Bitcoin-Knowledge-Base-WIKI/blob/main/Wiki/bip-0133.md
bip-0388,0.1032,0.1474,3,0,234,,https://github.com/TLausZ/Bitcoin-Knowledge-Base-WIKI/blob/main/Wiki/bip-0388.md
bitcoin-nicht-blockchain,0.1025,0.0828,4,1,654,,https://github.com/TLausZ/Bitcoin-Knowledge-Base-WIKI/blob/main/Wiki/bitcoin-nicht-blockchain.md
bip-0390,0.1023,0.1462,3,0,213,,https://github.com/TLausZ/Bitcoin-Knowledge-Base-WIKI/blob/main/Wiki/bip-0390.md
bip-0077,0.1021,0.1459,2,0,240,,https://github.com/TLausZ/Bitcoin-Knowledge-Base-WIKI/blob/main/Wiki/bip-0077.md
bip-0079,0.1021,0.1459,2,0,215,,https://github.com/TLausZ/Bitcoin-Knowledge-Base-WIKI/blob/main/Wiki/bip-0079.md
joinmarket,0.1019,0.0819,2,1,515,,https://github.com/TLausZ/Bitcoin-Knowledge-Base-WIKI/blob/main/Wiki/joinmarket.md
bitcoin-mining-und-ki-rechenzentren,0.101,0.0807,4,1,707,,https://github.com/TLausZ/Bitcoin-Knowledge-Base-WIKI/blob/main/Wiki/bitcoin-mining-und-ki-rechenzentren.md
bip-0003,0.0995,0.1421,2,0,186,,https://github.com/TLausZ/Bitcoin-Knowledge-Base-WIKI/blob/main/Wiki/bip-0003.md
bip-0123,0.0995,0.1421,2,0,195,,https://github.com/TLausZ/Bitcoin-Knowledge-Base-WIKI/blob/main/Wiki/bip-0123.md
bip-0132,0.0995,0.1421,2,0,199,,https://github.com/TLausZ/Bitcoin-Knowledge-Base-WIKI/blob/main/Wiki/bip-0132.md
bip-0053,0.0971,0.1387,2,0,268,,https://github.com/TLausZ/Bitcoin-Knowledge-Base-WIKI/blob/main/Wiki/bip-0053.md
ignorieren-auf-eigene-gefahr,0.0965,0.0743,3,1,1198,,https://github.com/TLausZ/Bitcoin-Knowledge-Base-WIKI/blob/main/Wiki/ignorieren-auf-eigene-gefahr.md
bip-0071,0.0961,0.1373,2,0,146,ja,https://github.com/TLausZ/Bitcoin-Knowledge-Base-WIKI/blob/main/Wiki/bip-0071.md
bip-0073,0.0961,0.1373,2,0,201,,https://github.com/TLausZ/Bitcoin-Knowledge-Base-WIKI/blob/main/Wiki/bip-0073.md
ergebnisgleichheit-und-freiheit,0.096,0.0736,3,1,797,,https://github.com/TLausZ/Bitcoin-Knowledge-Base-WIKI/blob/main/Wiki/ergebnisgleichheit-und-freiheit.md
the-bitcoin-handbook,0.096,0.0736,2,1,274,,https://github.com/TLausZ/Bitcoin-Knowledge-Base-WIKI/blob/main/Wiki/the-bitcoin-handbook.md
hacker-ethik,0.0956,0.073,2,1,418,,https://github.com/TLausZ/Bitcoin-Knowledge-Base-WIKI/blob/main/Wiki/hacker-ethik.md
bip-0130,0.0946,0.1351,2,0,208,,https://github.com/TLausZ/Bitcoin-Knowledge-Base-WIKI/blob/main/Wiki/bip-0130.md
the-bitcoin-enlightenment,0.0937,0.0703,2,1,1426,,https://github.com/TLausZ/Bitcoin-Knowledge-Base-WIKI/blob/main/Wiki/the-bitcoin-enlightenment.md
bitcoin-ist-die-wiederentdeckung-des-geldes,0.0936,0.0702,3,1,546,,https://github.com/TLausZ/Bitcoin-Knowledge-Base-WIKI/blob/main/Wiki/bitcoin-ist-die-wiederentdeckung-des-geldes.md
bitcoin-verstaendlich-erklaert,0.0926,0.0687,5,1,978,,https://github.com/TLausZ/Bitcoin-Knowledge-Base-WIKI/blob/main/Wiki/bitcoin-verstaendlich-erklaert.md
bitcoin-islamische-finanzprinzipien,0.0923,0.0684,3,1,676,,https://github.com/TLausZ/Bitcoin-Knowledge-Base-WIKI/blob/main/Wiki/bitcoin-islamische-finanzprinzipien.md
bitcoin-unternehmertum-und-hoffnung,0.0918,0.0676,3,1,588,,https://github.com/TLausZ/Bitcoin-Knowledge-Base-WIKI/blob/main/Wiki/bitcoin-unternehmertum-und-hoffnung.md
bip-0054,0.0916,0.1309,2,0,256,,https://github.com/TLausZ/Bitcoin-Knowledge-Base-WIKI/blob/main/Wiki/bip-0054.md
bip-0066,0.0907,0.1296,2,0,237,,https://github.com/TLausZ/Bitcoin-Knowledge-Base-WIKI/blob/main/Wiki/bip-0066.md
bip-0147,0.0907,0.1296,2,0,211,,https://github.com/TLausZ/Bitcoin-Knowledge-Base-WIKI/blob/main/Wiki/bip-0147.md
bip-0012,0.09,0.1286,2,0,207,,https://github.com/TLausZ/Bitcoin-Knowledge-Base-WIKI/blob/main/Wiki/bip-0012.md
bip-0018,0.09,0.1286,2,0,222,,https://github.com/TLausZ/Bitcoin-Knowledge-Base-WIKI/blob/main/Wiki/bip-0018.md
bip-0347,0.0898,0.1283,2,0,207,,https://github.com/TLausZ/Bitcoin-Knowledge-Base-WIKI/blob/main/Wiki/bip-0347.md
bitcoin-maximalisten-profil,0.0898,0.0648,3,1,1141,,https://github.com/TLausZ/Bitcoin-Knowledge-Base-WIKI/blob/main/Wiki/bitcoin-maximalisten-profil.md
monetaerer-kolonialismus-cfa-franc,0.0884,0.0627,3,1,426,,https://github.com/TLausZ/Bitcoin-Knowledge-Base-WIKI/blob/main/Wiki/monetaerer-kolonialismus-cfa-franc.md
magic-future-money,0.0882,0.0625,2,1,581,,https://github.com/TLausZ/Bitcoin-Knowledge-Base-WIKI/blob/main/Wiki/magic-future-money.md
bip-0345,0.0879,0.1256,2,0,275,,https://github.com/TLausZ/Bitcoin-Knowledge-Base-WIKI/blob/main/Wiki/bip-0345.md
bip-0446,0.0879,0.1256,2,0,250,,https://github.com/TLausZ/Bitcoin-Knowledge-Base-WIKI/blob/main/Wiki/bip-0446.md
bip-0143,0.0878,0.1254,2,0,253,,https://github.com/TLausZ/Bitcoin-Knowledge-Base-WIKI/blob/main/Wiki/bip-0143.md
goldene-zukunft,0.0868,0.0604,2,1,507,,https://github.com/TLausZ/Bitcoin-Knowledge-Base-WIKI/blob/main/Wiki/goldene-zukunft.md
bip-0330,0.0862,0.1231,2,0,230,,https://github.com/TLausZ/Bitcoin-Knowledge-Base-WIKI/blob/main/Wiki/bip-0330.md
bip-0346,0.0858,0.1226,2,0,205,,https://github.com/TLausZ/Bitcoin-Knowledge-Base-WIKI/blob/main/Wiki/bip-0346.md
bip-0081,0.085,0.1215,2,0,166,,https://github.com/TLausZ/Bitcoin-Knowledge-Base-WIKI/blob/main/Wiki/bip-0081.md
bip-0103,0.0847,0.121,3,0,188,,https://github.com/TLausZ/Bitcoin-Knowledge-Base-WIKI/blob/main/Wiki/bip-0103.md
bip-0019,0.0841,0.1202,2,0,213,,https://github.com/TLausZ/Bitcoin-Knowledge-Base-WIKI/blob/main/Wiki/bip-0019.md
bip-0099,0.0829,0.1184,2,0,194,,https://github.com/TLausZ/Bitcoin-Knowledge-Base-WIKI/blob/main/Wiki/bip-0099.md
bip-0135,0.0829,0.1184,2,0,176,,https://github.com/TLausZ/Bitcoin-Knowledge-Base-WIKI/blob/main/Wiki/bip-0135.md
bip-0113,0.0824,0.1177,2,0,231,,https://github.com/TLausZ/Bitcoin-Knowledge-Base-WIKI/blob/main/Wiki/bip-0113.md
defending-bitcoin,0.0819,0.0535,2,1,723,,https://github.com/TLausZ/Bitcoin-Knowledge-Base-WIKI/blob/main/Wiki/defending-bitcoin.md
bip-0067,0.0816,0.1166,2,0,218,,https://github.com/TLausZ/Bitcoin-Knowledge-Base-WIKI/blob/main/Wiki/bip-0067.md
bip-0372,0.0812,0.1159,2,0,222,,https://github.com/TLausZ/Bitcoin-Knowledge-Base-WIKI/blob/main/Wiki/bip-0372.md
bip-0131,0.0804,0.1149,2,0,197,,https://github.com/TLausZ/Bitcoin-Knowledge-Base-WIKI/blob/main/Wiki/bip-0131.md
bip-0328,0.0799,0.1141,2,0,226,,https://github.com/TLausZ/Bitcoin-Knowledge-Base-WIKI/blob/main/Wiki/bip-0328.md
bip-0046,0.0796,0.1138,2,0,200,,https://github.com/TLausZ/Bitcoin-Knowledge-Base-WIKI/blob/main/Wiki/bip-0046.md
bip-0128,0.0796,0.1138,2,0,224,,https://github.com/TLausZ/Bitcoin-Knowledge-Base-WIKI/blob/main/Wiki/bip-0128.md
bip-0348,0.0796,0.1137,2,0,206,,https://github.com/TLausZ/Bitcoin-Knowledge-Base-WIKI/blob/main/Wiki/bip-0348.md
bip-0042,0.0794,0.1135,2,0,254,,https://github.com/TLausZ/Bitcoin-Knowledge-Base-WIKI/blob/main/Wiki/bip-0042.md
bip-0083,0.0793,0.1133,2,0,185,,https://github.com/TLausZ/Bitcoin-Knowledge-Base-WIKI/blob/main/Wiki/bip-0083.md
bip-0351,0.0789,0.1128,2,0,237,,https://github.com/TLausZ/Bitcoin-Knowledge-Base-WIKI/blob/main/Wiki/bip-0351.md
bip-0451,0.0786,0.1122,3,0,253,,https://github.com/TLausZ/Bitcoin-Knowledge-Base-WIKI/blob/main/Wiki/bip-0451.md
bip-0023,0.0784,0.1121,1,0,197,,https://github.com/TLausZ/Bitcoin-Knowledge-Base-WIKI/blob/main/Wiki/bip-0023.md
bip-0093,0.078,0.1115,2,0,276,,https://github.com/TLausZ/Bitcoin-Knowledge-Base-WIKI/blob/main/Wiki/bip-0093.md
bip-0127,0.078,0.1114,2,0,216,,https://github.com/TLausZ/Bitcoin-Knowledge-Base-WIKI/blob/main/Wiki/bip-0127.md
bip-0374,0.078,0.1114,2,0,258,,https://github.com/TLausZ/Bitcoin-Knowledge-Base-WIKI/blob/main/Wiki/bip-0374.md
bip-0179,0.0779,0.1113,3,0,205,,https://github.com/TLausZ/Bitcoin-Knowledge-Base-WIKI/blob/main/Wiki/bip-0179.md
bip-0178,0.0758,0.1082,2,0,241,,https://github.com/TLausZ/Bitcoin-Knowledge-Base-WIKI/blob/main/Wiki/bip-0178.md
bitcoin-fuer-einsteiger,0.0756,0.0444,1,1,1176,,https://github.com/TLausZ/Bitcoin-Knowledge-Base-WIKI/blob/main/Wiki/bitcoin-fuer-einsteiger.md
bip-0060,0.0751,0.1073,2,0,188,,https://github.com/TLausZ/Bitcoin-Knowledge-Base-WIKI/blob/main/Wiki/bip-0060.md
bip-0331,0.0749,0.1071,2,0,254,,https://github.com/TLausZ/Bitcoin-Knowledge-Base-WIKI/blob/main/Wiki/bip-0331.md
bip-0115,0.0748,0.1068,2,0,218,,https://github.com/TLausZ/Bitcoin-Knowledge-Base-WIKI/blob/main/Wiki/bip-0115.md
bip-0180,0.0744,0.1064,2,0,232,,https://github.com/TLausZ/Bitcoin-Knowledge-Base-WIKI/blob/main/Wiki/bip-0180.md
bip-0381,0.074,0.1057,2,0,170,,https://github.com/TLausZ/Bitcoin-Knowledge-Base-WIKI/blob/main/Wiki/bip-0381.md
bip-0382,0.074,0.1057,2,0,153,,https://github.com/TLausZ/Bitcoin-Knowledge-Base-WIKI/blob/main/Wiki/bip-0382.md
bip-0384,0.074,0.1057,2,0,186,,https://github.com/TLausZ/Bitcoin-Knowledge-Base-WIKI/blob/main/Wiki/bip-0384.md
bip-0385,0.074,0.1057,2,0,198,,https://github.com/TLausZ/Bitcoin-Knowledge-Base-WIKI/blob/main/Wiki/bip-0385.md
geld-und-baukultur,0.073,0.0407,1,1,430,,https://github.com/TLausZ/Bitcoin-Knowledge-Base-WIKI/blob/main/Wiki/geld-und-baukultur.md
glossar-krypto-slang,0.0728,0.0404,3,1,1248,,https://github.com/TLausZ/Bitcoin-Knowledge-Base-WIKI/blob/main/Wiki/glossar-krypto-slang.md
walletconnect-und-dapps,0.0722,0.0395,2,1,349,,https://github.com/TLausZ/Bitcoin-Knowledge-Base-WIKI/blob/main/Wiki/walletconnect-und-dapps.md
bip-0124,0.072,0.1028,2,0,189,,https://github.com/TLausZ/Bitcoin-Knowledge-Base-WIKI/blob/main/Wiki/bip-0124.md
bip-0122,0.0695,0.0992,2,0,193,,https://github.com/TLausZ/Bitcoin-Knowledge-Base-WIKI/blob/main/Wiki/bip-0122.md
bip-0337,0.0693,0.0989,2,0,196,,https://github.com/TLausZ/Bitcoin-Knowledge-Base-WIKI/blob/main/Wiki/bip-0337.md
bip-0171,0.0682,0.0974,2,0,161,,https://github.com/TLausZ/Bitcoin-Knowledge-Base-WIKI/blob/main/Wiki/bip-0171.md
bip-0035,0.0676,0.0965,2,0,202,,https://github.com/TLausZ/Bitcoin-Knowledge-Base-WIKI/blob/main/Wiki/bip-0035.md
bip-0459,0.0674,0.0964,2,0,392,,https://github.com/TLausZ/Bitcoin-Knowledge-Base-WIKI/blob/main/Wiki/bip-0459.md
bip-0159,0.0672,0.0959,3,0,221,,https://github.com/TLausZ/Bitcoin-Knowledge-Base-WIKI/blob/main/Wiki/bip-0159.md
bip-0175,0.066,0.0943,2,0,223,,https://github.com/TLausZ/Bitcoin-Knowledge-Base-WIKI/blob/main/Wiki/bip-0175.md
bip-0323,0.0655,0.0936,1,0,174,,https://github.com/TLausZ/Bitcoin-Knowledge-Base-WIKI/blob/main/Wiki/bip-0323.md
bip-0030,0.0639,0.0913,2,0,220,,https://github.com/TLausZ/Bitcoin-Knowledge-Base-WIKI/blob/main/Wiki/bip-0030.md
bip-0114,0.0632,0.0903,1,0,231,,https://github.com/TLausZ/Bitcoin-Knowledge-Base-WIKI/blob/main/Wiki/bip-0114.md
bip-0074,0.0611,0.0872,1,0,159,,https://github.com/TLausZ/Bitcoin-Knowledge-Base-WIKI/blob/main/Wiki/bip-0074.md
bip-0075,0.0611,0.0872,1,0,193,,https://github.com/TLausZ/Bitcoin-Knowledge-Base-WIKI/blob/main/Wiki/bip-0075.md
bip-0156,0.0609,0.0871,2,0,279,,https://github.com/TLausZ/Bitcoin-Knowledge-Base-WIKI/blob/main/Wiki/bip-0156.md
bip-0144,0.0601,0.0859,1,0,195,,https://github.com/TLausZ/Bitcoin-Knowledge-Base-WIKI/blob/main/Wiki/bip-0144.md
bip-0107,0.0589,0.0842,2,0,184,,https://github.com/TLausZ/Bitcoin-Knowledge-Base-WIKI/blob/main/Wiki/bip-0107.md
bip-0104,0.0587,0.0839,2,0,211,,https://github.com/TLausZ/Bitcoin-Knowledge-Base-WIKI/blob/main/Wiki/bip-0104.md
bip-0339,0.0568,0.0811,1,0,226,,https://github.com/TLausZ/Bitcoin-Knowledge-Base-WIKI/blob/main/Wiki/bip-0339.md
bip-0361,0.0547,0.0781,2,0,261,,https://github.com/TLausZ/Bitcoin-Knowledge-Base-WIKI/blob/main/Wiki/bip-0361.md
bip-0349,0.054,0.0771,1,0,211,,https://github.com/TLausZ/Bitcoin-Knowledge-Base-WIKI/blob/main/Wiki/bip-0349.md
bip-0140,0.0536,0.0766,1,0,190,,https://github.com/TLausZ/Bitcoin-Knowledge-Base-WIKI/blob/main/Wiki/bip-0140.md
bip-0136,0.0523,0.0747,1,0,215,,https://github.com/TLausZ/Bitcoin-Knowledge-Base-WIKI/blob/main/Wiki/bip-0136.md
bip-0142,0.0523,0.0747,1,0,175,,https://github.com/TLausZ/Bitcoin-Knowledge-Base-WIKI/blob/main/Wiki/bip-0142.md
bip-0106,0.0514,0.0734,2,0,200,,https://github.com/TLausZ/Bitcoin-Knowledge-Base-WIKI/blob/main/Wiki/bip-0106.md
bip-0105,0.0513,0.0733,2,0,184,,https://github.com/TLausZ/Bitcoin-Knowledge-Base-WIKI/blob/main/Wiki/bip-0105.md
bip-0038,0.0512,0.0732,1,0,254,,https://github.com/TLausZ/Bitcoin-Knowledge-Base-WIKI/blob/main/Wiki/bip-0038.md
bip-0450,0.0512,0.0732,1,0,240,,https://github.com/TLausZ/Bitcoin-Knowledge-Base-WIKI/blob/main/Wiki/bip-0450.md
bip-0020,0.051,0.0729,1,0,151,,https://github.com/TLausZ/Bitcoin-Knowledge-Base-WIKI/blob/main/Wiki/bip-0020.md
bip-0061,0.0498,0.0711,1,0,211,,https://github.com/TLausZ/Bitcoin-Knowledge-Base-WIKI/blob/main/Wiki/bip-0061.md
bip-0434,0.0498,0.0711,1,0,190,,https://github.com/TLausZ/Bitcoin-Knowledge-Base-WIKI/blob/main/Wiki/bip-0434.md
bip-0050,0.0491,0.0701,1,0,268,,https://github.com/TLausZ/Bitcoin-Knowledge-Base-WIKI/blob/main/Wiki/bip-0050.md
bip-0389,0.049,0.0699,1,0,191,,https://github.com/TLausZ/Bitcoin-Knowledge-Base-WIKI/blob/main/Wiki/bip-0389.md
bip-0326,0.0481,0.0688,1,0,213,,https://github.com/TLausZ/Bitcoin-Knowledge-Base-WIKI/blob/main/Wiki/bip-0326.md
bip-0431,0.0481,0.0688,1,0,257,,https://github.com/TLausZ/Bitcoin-Knowledge-Base-WIKI/blob/main/Wiki/bip-0431.md
bip-0433,0.0481,0.0688,1,0,240,,https://github.com/TLausZ/Bitcoin-Knowledge-Base-WIKI/blob/main/Wiki/bip-0433.md
bip-0392,0.0471,0.0674,1,0,192,,https://github.com/TLausZ/Bitcoin-Knowledge-Base-WIKI/blob/main/Wiki/bip-0392.md
bip-0089,0.0469,0.0671,1,0,222,,https://github.com/TLausZ/Bitcoin-Knowledge-Base-WIKI/blob/main/Wiki/bip-0089.md
bip-0152,0.0469,0.0671,1,0,254,,https://github.com/TLausZ/Bitcoin-Knowledge-Base-WIKI/blob/main/Wiki/bip-0152.md
bip-0442,0.0456,0.0651,1,0,201,,https://github.com/TLausZ/Bitcoin-Knowledge-Base-WIKI/blob/main/Wiki/bip-0442.md
bip-0033,0.0455,0.0651,1,0,192,,https://github.com/TLausZ/Bitcoin-Knowledge-Base-WIKI/blob/main/Wiki/bip-0033.md
bip-0064,0.0455,0.0651,1,0,210,,https://github.com/TLausZ/Bitcoin-Knowledge-Base-WIKI/blob/main/Wiki/bip-0064.md
bip-0329,0.0442,0.0631,2,0,289,,https://github.com/TLausZ/Bitcoin-Knowledge-Base-WIKI/blob/main/Wiki/bip-0329.md
bip-0149,0.0432,0.0617,1,0,184,,https://github.com/TLausZ/Bitcoin-Knowledge-Base-WIKI/blob/main/Wiki/bip-0149.md
bip-0134,0.0414,0.0591,1,0,204,,https://github.com/TLausZ/Bitcoin-Knowledge-Base-WIKI/blob/main/Wiki/bip-0134.md
bip-0154,0.0379,0.0541,1,0,196,,https://github.com/TLausZ/Bitcoin-Knowledge-Base-WIKI/blob/main/Wiki/bip-0154.md
bip-0310,0.0356,0.0508,1,0,217,,https://github.com/TLausZ/Bitcoin-Knowledge-Base-WIKI/blob/main/Wiki/bip-0310.md
bip-0094,0.035,0.0501,1,0,225,,https://github.com/TLausZ/Bitcoin-Knowledge-Base-WIKI/blob/main/Wiki/bip-0094.md
bip-0325,0.035,0.0501,1,0,246,,https://github.com/TLausZ/Bitcoin-Knowledge-Base-WIKI/blob/main/Wiki/bip-0325.md
bip-0036,0.0344,0.0492,1,0,181,,https://github.com/TLausZ/Bitcoin-Knowledge-Base-WIKI/blob/main/Wiki/bip-0036.md
bip-0338,0.0344,0.0492,1,0,210,,https://github.com/TLausZ/Bitcoin-Knowledge-Base-WIKI/blob/main/Wiki/bip-0338.md
bip-0052,0.0307,0.0438,1,0,230,,https://github.com/TLausZ/Bitcoin-Knowledge-Base-WIKI/blob/main/Wiki/bip-0052.md
bip-0360,0.027,0.0385,1,0,248,,https://github.com/TLausZ/Bitcoin-Knowledge-Base-WIKI/blob/main/Wiki/bip-0360.md
bip-0391,0.0202,0.0288,0,0,167,,https://github.com/TLausZ/Bitcoin-Knowledge-Base-WIKI/blob/main/Wiki/bip-0391.md
bip-0393,0.0202,0.0288,0,0,201,,https://github.com/TLausZ/Bitcoin-Knowledge-Base-WIKI/blob/main/Wiki/bip-0393.md
bip-0448,0.0202,0.0288,0,0,228,,https://github.com/TLausZ/Bitcoin-Knowledge-Base-WIKI/blob/main/Wiki/bip-0448.md
bip-0449,0.0202,0.0288,0,0,199,,https://github.com/TLausZ/Bitcoin-Knowledge-Base-WIKI/blob/main/Wiki/bip-0449.md
